"name","city","organization","contactNum"
"Nisarg Joshi","Bangalore","Oracle",9773237954
"Prem Badakar","Mangalore","Microsoft",9773237954
"Narayana Munshif","Mysore","Adobe",9773237954
"Kapila Devdhar","Delhi","Google",9773237954
"Ragunath Gupta","Bangalore","Oracle",9773237954
"Vineet Poddar","Mangalore","Microsoft",9773237954
"Gunadhya Shree","Mysore","Adobe",9773237954
"Chatur Srivastav","Delhi","Google",302115684
"Narayana Khamavant","Bangalore","Oracle",123687429
"Amish Sinha","Mangalore","Microsoft",9865483654
"Shankaracharya Holkar","Mysore","Abode",3256955555
"Niwedita","Delhi","Google",1234567890
"Yash Agarwal","Bangalore","Oracle",9773094354
"Siddhartha","Mangalore","Microsoft",1234237954
"Shweta Iyer","Mysore","Adobe",9773237843
"Rounak Modi","Delhi","Google",9653237909
"Aman Dave","Bangalore","Oracle",9773098654
"Kartikeya Gokhale","Mangalore","Microsoft",9773905854
"Prapti Agarwal","Delhi","Adobe",8763237954
"Jaya Lalwani","Mysore","Google",9773445954
